{
  "classification_report": {
    "0": {
      "precision": 0.9707317073170731,
      "recall": 0.995,
      "f1-score": 0.9827160493827161,
      "support": 200.0
    },
    "1": {
      "precision": 0.9948717948717949,
      "recall": 0.97,
      "f1-score": 0.9822784810126582,
      "support": 200.0
    },
    "accuracy": 0.9825,
    "macro avg": {
      "precision": 0.982801751094434,
      "recall": 0.9824999999999999,
      "f1-score": 0.9824972651976871,
      "support": 400.0
    },
    "weighted avg": {
      "precision": 0.982801751094434,
      "recall": 0.9825,
      "f1-score": 0.9824972651976871,
      "support": 400.0
    }
  },
  "confusion_matrix": [
    [
      199,
      1
    ],
    [
      6,
      194
    ]
  ],
  "roc_auc": 0.9955999999999999
}