{
  "train_loss": [
    0.6151268090488333,
    0.5438694357119426,
    0.5328423594585573,
    0.5268625147038638,
    0.523176498485334,
    0.5218277390331331,
    0.5166908026945711,
    0.51319203625499
  ],
  "val_dice": [
    0.2077010077968832,
    0.3543316596681352,
    0.22333275145451517,
    0.234517295531522,
    0.25014893572258456,
    0.2360675902245552,
    0.2643003205913555,
    0.34921070665810866
  ],
  "val_iou": [
    0.16054157954963258,
    0.2975583585100348,
    0.17505290831039638,
    0.17459422747005104,
    0.19157825260835395,
    0.17619644946884222,
    0.20393193972813597,
    0.2949223894322352
  ],
  "val_loss": [
    0.0443136044871062,
    0.047236283643869684,
    0.05687331553082913,
    0.1074106373358518,
    0.05535686633549631,
    0.057368543706834314,
    0.07552250595763325,
    0.05090013694833033
  ],
  "lr": [
    0.001,
    0.001,
    0.001,
    0.001,
    0.001,
    0.0005,
    0.0005,
    0.0005
  ]
}