{
  "classification_report": {
    "0": {
      "precision": 0.9611650485436893,
      "recall": 0.99,
      "f1-score": 0.9753694581280788,
      "support": 200.0
    },
    "1": {
      "precision": 0.9896907216494846,
      "recall": 0.96,
      "f1-score": 0.9746192893401016,
      "support": 200.0
    },
    "accuracy": 0.975,
    "macro avg": {
      "precision": 0.975427885096587,
      "recall": 0.975,
      "f1-score": 0.9749943737340903,
      "support": 400.0
    },
    "weighted avg": {
      "precision": 0.975427885096587,
      "recall": 0.975,
      "f1-score": 0.9749943737340903,
      "support": 400.0
    }
  },
  "confusion_matrix": [
    [
      198,
      2
    ],
    [
      8,
      192
    ]
  ],
  "roc_auc": 0.992825
}