{
  "classification_report": {
    "0": {
      "precision": 0.9673202614379085,
      "recall": 0.74,
      "f1-score": 0.8385269121813032,
      "support": 200.0
    },
    "1": {
      "precision": 0.7894736842105263,
      "recall": 0.975,
      "f1-score": 0.87248322147651,
      "support": 200.0
    },
    "accuracy": 0.8575,
    "macro avg": {
      "precision": 0.8783969728242174,
      "recall": 0.8574999999999999,
      "f1-score": 0.8555050668289066,
      "support": 400.0
    },
    "weighted avg": {
      "precision": 0.8783969728242174,
      "recall": 0.8575,
      "f1-score": 0.8555050668289067,
      "support": 400.0
    }
  },
  "confusion_matrix": [
    [
      148,
      52
    ],
    [
      5,
      195
    ]
  ],
  "roc_auc": 0.9323
}