{
  "classification_report": {
    "0": {
      "precision": 0.9607843137254902,
      "recall": 0.98,
      "f1-score": 0.9702970297029703,
      "support": 200.0
    },
    "1": {
      "precision": 0.9795918367346939,
      "recall": 0.96,
      "f1-score": 0.9696969696969697,
      "support": 200.0
    },
    "accuracy": 0.97,
    "macro avg": {
      "precision": 0.970188075230092,
      "recall": 0.97,
      "f1-score": 0.96999699969997,
      "support": 400.0
    },
    "weighted avg": {
      "precision": 0.970188075230092,
      "recall": 0.97,
      "f1-score": 0.96999699969997,
      "support": 400.0
    }
  },
  "confusion_matrix": [
    [
      196,
      4
    ],
    [
      8,
      192
    ]
  ],
  "roc_auc": 0.984825
}