{
  "train_loss": [
    0.41757073706378756,
    0.26846115096808454,
    0.25073046149790723,
    0.24174681573365409,
    0.234479332787532,
    0.2298577718782833,
    0.22554444755444997,
    0.22048785168899204,
    0.21624141579650238,
    0.2121125732707171,
    0.2085661728044375,
    0.20471417387156537,
    0.20152319900649004,
    0.19753057438008845,
    0.19490561888575214,
    0.19113894106293464,
    0.18909868988881728,
    0.1863283129392257,
    0.18307184915118277,
    0.1818412065964432
  ],
  "val_dice": [
    0.6093721119761739,
    0.6130084459120237,
    0.6212626109926057,
    0.6149699767829441,
    0.61989320617293,
    0.6387288814093671,
    0.6166231512169452,
    0.6190216514588474,
    0.6306512720850012,
    0.6241498562048016,
    0.6231598812669632,
    0.6427500948927851,
    0.6331247851020477,
    0.6335727416831786,
    0.6372518332053806,
    0.6354374021227162,
    0.6332925590796904,
    0.6293647574602881,
    0.6281452156779709,
    0.6382695414673564
  ],
  "val_iou": [
    0.5187942590447125,
    0.5229253445015258,
    0.5349028749388126,
    0.5269837191580479,
    0.5323299848029424,
    0.5529443483590173,
    0.5292901708599207,
    0.5306281332134797,
    0.5444954590678271,
    0.5361569554296745,
    0.5386374247033157,
    0.5563855390073451,
    0.5478909874082509,
    0.5497548537076338,
    0.5505522326807646,
    0.5495425325186406,
    0.5487472571500045,
    0.5445994773064325,
    0.5420078201476625,
    0.5528686746758862
  ],
  "val_loss": [
    0.04466817080974579,
    0.040015542547182335,
    0.04119752750156144,
    0.04202943335384262,
    0.03807814793699524,
    0.03728196334143399,
    0.04112896571825631,
    0.039681400625640975,
    0.03912042425599616,
    0.04220887829639112,
    0.04272799471495515,
    0.04066796167823924,
    0.04178099493118088,
    0.04084019655830753,
    0.039730918369491296,
    0.041577166113305246,
    0.0422515330323734,
    0.043507475626940455,
    0.04464916891851211,
    0.04227366325163194
  ],
  "lr": [
    5e-05,
    0.0001,
    9.953895432879837e-05,
    9.816440572371606e-05,
    9.590195942451992e-05,
    9.279376052505117e-05,
    8.889770888986878e-05,
    8.428638058932337e-05,
    7.904567594468591e-05,
    7.327321936769202e-05,
    6.707654080246381e-05,
    6.057107264610536e-05,
    5.387799946155122e-05,
    4.712200053844878e-05,
    4.0428927353894616e-05,
    3.392345919753618e-05,
    2.7726780632307966e-05,
    2.1954324055314077e-05,
    1.6713619410676614e-05,
    1.2102291110131223e-05
  ]
}