{
  "train_loss": [
    0.6692346887776501,
    0.5172178641655967,
    0.4839289265294229,
    0.46950980390699104,
    0.46453074224319935,
    0.4584356498600762,
    0.45546888941932323,
    0.45036236995223605,
    0.44956691483015654,
    0.44759153123397555,
    0.4437401913987693,
    0.44056332311643065,
    0.4384827192699183,
    0.43900973082763745,
    0.43737301179691884,
    0.43387237703928383,
    0.43578107000785915,
    0.4318055832044198,
    0.4306313533562913,
    0.4275190547429105,
    0.42554766473804323,
    0.4251140959854622,
    0.4234374937297623,
    0.4229472933277007,
    0.4240395772841669,
    0.418836430729931,
    0.4187517056648877,
    0.41654258429683666,
    0.4160850592037683,
    0.414812042508074,
    0.4121643699785715,
    0.4140278256121075,
    0.40972295440866957,
    0.4082275033531223,
    0.4099470000700711,
    0.404737854543339,
    0.4060746800675187,
    0.4062224122625525,
    0.4035700741474346,
    0.4032403345496851,
    0.4011805824481458,
    0.4010624752036132,
    0.39918178063566967,
    0.3988551055231402,
    0.3989181680918594,
    0.3966237167998027,
    0.39840985666359624,
    0.39914214835372025,
    0.3970817982830027,
    0.3964322447029066
  ],
  "val_dice": [
    0.48015973712646465,
    0.445226964473125,
    0.4342132542793561,
    0.3909395852131206,
    0.435597612644788,
    0.3780711310891454,
    0.4326313237132602,
    0.4421687626284749,
    0.453564906012553,
    0.5103642505664643,
    0.4980104435040005,
    0.5246883301076212,
    0.5278079751597005,
    0.4712129984258237,
    0.4650880328712439,
    0.42976848277207574,
    0.5328970948888178,
    0.5425338392316786,
    0.5092089325937467,
    0.5342668332619874,
    0.530487057124576,
    0.4875494371674671,
    0.5431065019899846,
    0.553589742259201,
    0.5021738512220826,
    0.5265187001129383,
    0.5529446523079927,
    0.5576066371388323,
    0.5600170102647264,
    0.5507514144531525,
    0.6035205881180745,
    0.6098936169347737,
    0.5698222899950953,
    0.5919310376941165,
    0.6052710252967838,
    0.6148113730003,
    0.6626840226984083,
    0.6813658489610753,
    0.6603946398079444,
    0.6530725637420353,
    0.6555900823829889,
    0.6252769218127874,
    0.652259273436551,
    0.6573078834497731,
    0.6565204714942016,
    0.6711531086249819,
    0.659645307341737,
    0.6652241619873908,
    0.6707754559935947,
    0.6774162163716105
  ],
  "val_iou": [
    0.417970659168,
    0.3791253184865433,
    0.38056617010701205,
    0.32581313749954005,
    0.372172192300227,
    0.3144786961320358,
    0.37410753894700816,
    0.38563755754023216,
    0.3893419256924633,
    0.44784002093580766,
    0.44028085135325956,
    0.46510111703602275,
    0.46851294311476355,
    0.41067348905267403,
    0.4044601781102079,
    0.3682860606326229,
    0.47734413553231797,
    0.4821526377397198,
    0.447212167587199,
    0.4737302825400845,
    0.470875663664664,
    0.4284595009370927,
    0.48290953091880706,
    0.49162570071646816,
    0.4451775668482072,
    0.46917860381600307,
    0.49286072951709403,
    0.49690747244270883,
    0.4998897865620435,
    0.4902989508125886,
    0.5447842658631044,
    0.5518023995183173,
    0.511192597024074,
    0.5310761128728109,
    0.5454218522949243,
    0.5557385842383499,
    0.6039685488807255,
    0.6208579874276912,
    0.6009859154999305,
    0.5928617272260057,
    0.5968492284622386,
    0.5662039282026904,
    0.5936169617511643,
    0.5980472617828648,
    0.5973150277995278,
    0.6118866499848284,
    0.5999943348561947,
    0.6057844369268182,
    0.6116375169570171,
    0.6186996597362142
  ],
  "val_loss": [
    0.10304799543201239,
    0.07804135254573548,
    0.045494950488852014,
    0.05337384312103192,
    0.04828736224297391,
    0.06470246539162151,
    0.04841829152328187,
    0.04613334210268382,
    0.04426348859701177,
    0.03970978306820509,
    0.04359568890429038,
    0.042167748558741794,
    0.03889804197413092,
    0.04271024089285183,
    0.04581599487741103,
    0.048905783397113455,
    0.042064253259055454,
    0.04098030384155773,
    0.045806183498459815,
    0.03868955976715119,
    0.0394160920304471,
    0.04132329847064169,
    0.0373252690957067,
    0.03715549112731141,
    0.03944796568248421,
    0.037518771194007206,
    0.0394791807476217,
    0.03713579516290505,
    0.038793709648280654,
    0.037912458764795945,
    0.03742881641648282,
    0.03773519618907708,
    0.03697553243629913,
    0.03687645822238905,
    0.035531157368108975,
    0.03755087536443881,
    0.037186455370954656,
    0.0362657174674109,
    0.03692090513329182,
    0.034870063202273656,
    0.03547579773311,
    0.03594057310517106,
    0.034998254261739636,
    0.03447999647984431,
    0.0348970385023457,
    0.03433648778136349,
    0.03506750671926286,
    0.035053113140915144,
    0.03441425209634819,
    0.03407915216942864
  ],
  "lr": [
    9.999999999999999e-05,
    0.00019999999999999998,
    0.0003,
    0.0002996661483541614,
    0.0002986660844791396,
    0.0002970042749029697,
    0.00029468814167062926,
    0.0002917280291953838,
    0.00028813715805812605,
    0.0002839315659610522,
    0.0002791300360993908,
    0.0002737540132710931,
    0.00026782750809915975,
    0.00026137698979436963,
    0.000254431267937359,
    0.0002470213638080409,
    0.00023918037183703856,
    0.00023094331179792418,
    0.0002223469724004092,
    0.00021342974698303606,
    0.0002042314620392081,
    0.00019479319934240225,
    0.00018515711246499544,
    0.00017536623851017788,
    0.00016546430589780268,
    0.00015549553906264732,
    0.00014550446093735265,
    0.0001355356941021973,
    0.00012563376148982207,
    0.00011584288753500456,
    0.00010620680065759775,
    9.676853796079183e-05,
    8.757025301696395e-05,
    7.865302759959078e-05,
    7.005668820207579e-05,
    6.18196281629614e-05,
    5.3978636191959035e-05,
    4.6568732062640974e-05,
    3.962301020563034e-05,
    3.3172491900840177e-05,
    2.7245986728906865e-05,
    2.1869963900609195e-05,
    1.706843403894777e-05,
    1.2862841941873914e-05,
    9.271970804616124e-06,
    6.311858329370702e-06,
    3.995725097030281e-06,
    2.3339155208603858e-06,
    1.3338516458386019e-06,
    1e-06
  ]
}