{
  "train_loss": [
    0.6105751547916436,
    0.4260049370335944,
    0.38792933424773773,
    0.3770856513515299,
    0.36582759524017205,
    0.3497998613266297,
    0.347643606847635,
    0.3427665714910369,
    0.34167209587255376,
    0.3359351674163783,
    0.33584725891274436,
    0.33428021805521885,
    0.33400826192932365,
    0.3281418280331073,
    0.33187636578984464,
    0.32767060355363803,
    0.32227185308749295,
    0.3196477582333265,
    0.31773859492422624,
    0.31666604956083094
  ],
  "val_dice": [
    0.5623432826784518,
    0.5334401535462449,
    0.526531285898765,
    0.4870706318003619,
    0.5514338157286207,
    0.5642707418046249,
    0.5819960210006583,
    0.5548755635526201,
    0.5935233995052894,
    0.6071366413457977,
    0.5801040025359518,
    0.6230372924377141,
    0.5599676351873005,
    0.5685040454845025,
    0.5657309655586685,
    0.5750979692066019,
    0.5559957527427029,
    0.574495442031746,
    0.5905411109426866,
    0.5591541691557392
  ],
  "val_iou": [
    0.4926537516460986,
    0.4709270467087589,
    0.4576465832697508,
    0.41270565282239813,
    0.4841974243859547,
    0.48992940742120045,
    0.5115638306383452,
    0.4907793830091125,
    0.5214170302062663,
    0.5401280843690874,
    0.5117725426160681,
    0.5563343539394229,
    0.49259856165998406,
    0.4997273387915995,
    0.49413703065893666,
    0.5072796381209461,
    0.48871647779731314,
    0.5067413308683257,
    0.5229201969725428,
    0.4914116770706972
  ],
  "val_loss": [
    0.047255484795529545,
    0.045143111363333994,
    0.051951984664001055,
    0.050752275642517906,
    0.04371770869817725,
    0.043988389340197435,
    0.034373821814270206,
    0.03929796663638402,
    0.035906837712925514,
    0.03388298795800114,
    0.0346059614030185,
    0.03188488586273121,
    0.04036826861915434,
    0.04190146845162604,
    0.03557132127334377,
    0.033190542136315795,
    0.03541473183965897,
    0.03153311544634587,
    0.029332152519563264,
    0.035995125068887454
  ],
  "lr": [
    0.001,
    0.001,
    0.001,
    0.001,
    0.0005,
    0.0005,
    0.0005,
    0.0005,
    0.0005,
    0.0005,
    0.0005,
    0.0005,
    0.0005,
    0.0005,
    0.0005,
    0.00025,
    0.00025,
    0.00025,
    0.00025,
    0.000125
  ]
}