{
  "train_loss": [
    0.34569134059666856,
    0.24620443966171338,
    0.24218643735809428,
    0.2355100262670889,
    0.17503587311185007,
    0.17157833844662532,
    0.1694266932805721,
    0.16688899643753374,
    0.16673130802212094,
    0.15381706731083492,
    0.1454419165063615,
    0.1437882183971231,
    0.11986201494435185,
    0.09987291780340311,
    0.09643465461243593,
    0.09459696724492521,
    0.09293704757193497,
    0.09170769382800782,
    0.0908102653586001,
    0.0900079353914713,
    0.08677227186417885,
    0.08786441514194468,
    0.08572819116824401,
    0.0824125872679989,
    0.08187812528379307,
    0.08173592863511864,
    0.0786242945449404,
    0.08222044960898987,
    0.08057941851029543,
    0.07877800366107876,
    0.07705978438826364,
    0.07432041709156086,
    0.0746250132309552,
    0.07533537828440376,
    0.07480846484767029,
    0.07233058997438452,
    0.07182872192029889,
    0.07203622602192622,
    0.07183690119957671,
    0.07189123169020593,
    0.0700992163240807,
    0.06919710697899559,
    0.06990626935607865,
    0.06960735616341109,
    0.06966741160213355,
    0.06885964592095659,
    0.06817546246725702,
    0.06819537235815534,
    0.06810455652885139,
    0.06805457916453948
  ],
  "val_dice": [
    0.7303138314697708,
    0.7154742531900735,
    0.7149352792575998,
    0.7574782751006343,
    0.756576247213431,
    0.7683310814051222,
    0.7507728833965578,
    0.7847637239614551,
    0.7422114168855748,
    0.7654127165131049,
    0.7431702506871168,
    0.7664179869286303,
    0.8211034096585186,
    0.8295692286707005,
    0.8183201572040988,
    0.8183013200299224,
    0.8251642256857581,
    0.8167699331378575,
    0.8290338782551657,
    0.8269939575322698,
    0.8299116179169546,
    0.8214696751638899,
    0.8371680667884803,
    0.8352568016272728,
    0.8359066035078159,
    0.8352266660796284,
    0.8393327429470854,
    0.8337301280913372,
    0.8147314147518636,
    0.8379988213065045,
    0.829747902216954,
    0.8408741576222941,
    0.841622812010285,
    0.827766953447891,
    0.8436601309553137,
    0.8434616481619251,
    0.8409952858130999,
    0.8423975131917061,
    0.8375430735618301,
    0.8345233433235275,
    0.8449882409901012,
    0.8406420981286554,
    0.8404381073493377,
    0.8424341386675024,
    0.8391733849421187,
    0.8405020343006975,
    0.8413617161821664,
    0.8407601231586902,
    0.8393020599991373,
    0.8413038740832203
  ],
  "val_iou": [
    0.656485388660865,
    0.6398455788820843,
    0.6394397536596823,
    0.6829808123586932,
    0.6854109773851241,
    0.6994305620339526,
    0.6810362675438598,
    0.7173953224883679,
    0.6737651346579245,
    0.6978125666929198,
    0.6721298864009763,
    0.6982810776179835,
    0.7538532070381605,
    0.7640121184882057,
    0.7500495598304546,
    0.7500743275307918,
    0.757529475918609,
    0.747383830587132,
    0.7620861680196487,
    0.7591131549607802,
    0.7608468645333402,
    0.753420452829874,
    0.7718923916057138,
    0.7683752537598872,
    0.7686874878087644,
    0.7677380466405543,
    0.7721899114896751,
    0.7658659999445772,
    0.7467357288943237,
    0.7740980934931815,
    0.7617486222571406,
    0.7755477173474705,
    0.7755687447992453,
    0.7606157452678965,
    0.7781215079713034,
    0.7783144701712708,
    0.7751736623969658,
    0.7763501323798214,
    0.771313982534251,
    0.7681455602696332,
    0.780036243601183,
    0.7743608782417657,
    0.7740094562457602,
    0.7761746122683404,
    0.7731103860889816,
    0.7743407407744143,
    0.7748997910628425,
    0.7747040620079914,
    0.7730960410279764,
    0.7755270924292518
  ],
  "val_loss": [
    0.025691266618702836,
    0.02584561301083025,
    0.026038857505367802,
    0.023081138595201275,
    0.019704761556432415,
    0.018609663810315365,
    0.019227831185842828,
    0.016873001403657283,
    0.019501076299285967,
    0.018180400787324344,
    0.02054645750701008,
    0.018495970049358525,
    0.0214065472043847,
    0.022831350295278573,
    0.020763660698014275,
    0.02615718644636105,
    0.02136421263216711,
    0.02220986745390739,
    0.01985799699642582,
    0.021387236955458428,
    0.02288756361466756,
    0.02211739530623165,
    0.02047291498532764,
    0.019802719663112676,
    0.021689597315994492,
    0.02261544418893448,
    0.020415996535483157,
    0.019211950124669492,
    0.020743144190947315,
    0.01905411828009609,
    0.020243452433168305,
    0.020732890457862387,
    0.01893746943780505,
    0.019462967753504253,
    0.0195718722112334,
    0.020424170061163545,
    0.01973363706535867,
    0.02040990605333642,
    0.019461482231868193,
    0.021155029762933417,
    0.01959477613708566,
    0.020704533037028395,
    0.021394308666980125,
    0.02035018898060263,
    0.021284237479923904,
    0.021172345423841755,
    0.02051250867759605,
    0.020972108661949204,
    0.02121730928926038,
    0.02062752889658118
  ],
  "lr": [
    9.999999999999999e-05,
    0.00019999999999999998,
    0.0003,
    0.0002996661483541614,
    9.988946049184609e-05,
    9.955833566366162e-05,
    9.900810439931104e-05,
    9.824122416519163e-05,
    9.726112003459197e-05,
    9.607216939048322e-05,
    9.467968237506411e-05,
    9.308987817337689e-05,
    9.130985723691713e-05,
    8.93475695712937e-05,
    8.72117792295739e-05,
    8.491202516989479e-05,
    8.245857865216071e-05,
    7.986239736410308e-05,
    7.713507648158695e-05,
    7.428879688174084e-05,
    7.133627074020258e-05,
    6.829068475545687e-05,
    6.516564125383888e-05,
    6.197509743824264e-05,
    5.873330305186492e-05,
    5.545473673539287e-05,
    5.2154041361879886e-05,
    4.884595863812011e-05,
    4.554526326460713e-05,
    4.226669694813506e-05,
    3.902490256175736e-05,
    3.5834358746161124e-05,
    3.270931524454311e-05,
    2.9663729259797427e-05,
    2.6711203118259156e-05,
    2.3864923518413056e-05,
    2.113760263589692e-05,
    1.854142134783928e-05,
    1.6087974830105205e-05,
    1.3788220770426098e-05,
    1.165243042870628e-05,
    9.690142763082875e-06,
    7.91012182662311e-06,
    6.320317624935883e-06,
    4.92783060951678e-06,
    3.738879965408014e-06,
    2.7587758348083595e-06,
    1.991895600688956e-06,
    1.4416643363383887e-06,
    1.1105395081539183e-06
  ]
}